PartipantID,TrialIndex,ChartName,TruePercentage,ReportedPercentage,Error
p1,0,Rose,40.574482,16.0,4.619089
p1,1,Pie,64.6153,100.0,5.1450534
p1,2,Pie,86.79567,100.0,3.7229395
p1,3,Pie,8.209717,100.0,6.5202694
p1,4,Bar,37.99516,40.0,1.0034877
p1,5,Rose,15.353857,1.0,3.8433664
p1,6,Rose,95.91302,100.0,2.0310361
p1,7,Bar,78.44779,89.0,3.399473
p1,8,Bar,76.30964,82.0,2.5085201
