PartipantID,TrialIndex,ChartName,TruePercentage,ReportedPercentage,Error
p1,0,Rose,24.07892,1.0,4.528504
p1,1,Pie,81.957695,2.0,6.321165
p1,2,Pie,43.486816,3.0,5.3393803
p1,3,Rose,37.08907,4.0,5.0482826
p1,4,Rose,83.056656,5.0,6.2864494
p1,5,Pie,48.186752,6.0,5.398718
p1,6,Bar,13.489048,4.0,3.2462633
p1,7,Bar,10.515804,3.0,2.9099276
p1,8,Bar,54.401535,2.0,5.7115374
