PartipantID,TrialIndex,ChartName,TruePercentage,ReportedPercentage,Error
p1,0,Rose,20.211658,10.0,3.3521452
p1,1,Bar,19.991297,20.0,-6.844233
p1,2,Bar,27.914604,30.0,1.0603212
p1,3,Pie,62.418163,100.0,5.2319636
p1,4,Rose,7.610806,2.0,2.488208
p1,5,Rose,18.628382,5.0,3.7685423
p1,6,Pie,47.955017,80.0,5.0020266
p1,7,Pie,7.9839087,100.0,6.523814
p1,8,Bar,69.08448,60.0,3.183404
