PartipantID,TrialIndex,ChartName,TruePercentage,ReportedPercentage,Error
p1,0,dash,89.80553,88.0,0.8524198
p1,1,animate,82.346146,80.0,1.2302926
p1,2,bold,75.709274,55.0,4.3722053
p1,3,dash,33.29549,15.0,4.193416
p1,4,animate,70.52679,70.0,-0.9247089
p1,5,dash,9.784903,1.0,3.1350262
p1,6,animate,33.227528,15.0,4.188047
p1,7,bold,49.275375,33.0,4.024619
p1,8,bold,94.70423,100.0,2.40484
