PartipantID,TrialIndex,ChartName,TruePercentage,ReportedPercentage,Error
p1,0,dash,9.719228,2.0,2.9484565
p1,1,bold,11.694143,4.0,2.9437606
p1,2,animate,77.16179,66.0,3.4804964
p1,3,animate,42.094307,30.0,3.5962563
p1,4,animate,42.935986,25.0,4.1647854
p1,5,dash,33.225384,16.0,4.106464
p1,6,dash,62.370758,50.0,3.6288621
p1,7,bold,44.18573,34.0,3.3484774
p1,8,bold,1.9185861,1.0,-0.122513086
