PartipantID,TrialIndex,ChartName,TruePercentage,ReportedPercentage,Error
p1,0,dash,7.9191937,5.0,1.5455699
p1,1,animate,97.73255,85.0,3.6704495
p1,2,animate,61.827477,50.0,3.5640705
p1,3,dash,84.35801,70.0,3.8437836
p1,4,dash,63.09669,40.0,4.5296144
p1,5,animate,94.15483,100.0,2.5472445
p1,6,bold,29.013617,10.0,4.248961
p1,7,bold,24.972242,10.0,3.9042184
p1,8,bold,90.120926,80.0,3.3392694
