PartipantID,TrialIndex,ChartName,TruePercentage,ReportedPercentage,Error
p1,0,dash,46.554214,2.0,5.47749
p1,1,bold,98.96246,2.0,6.5993547
p1,2,bold,72.07517,2.0,6.1308312
p1,3,dash,45.82388,2.0,5.453645
p1,4,bold,76.4706,2.0,6.218599
p1,5,animate,65.41136,2.0,5.986669
p1,6,dash,38.21668,2.0,5.178582
p1,7,animate,44.90047,2.0,5.4229217
p1,8,animate,31.853956,2.0,4.8998504
