PartipantID,TrialIndex,ChartName,TruePercentage,ReportedPercentage,Error
p1,0,sample,45.554726,1.0,5.477506
p1,1,sample,92.99503,1.0,6.523484
p1,2,sample,40.356796,1.0,5.298541
p1,3,sample,73.26789,1.0,6.1752825
p1,4,sample,3.3438654,1.0,1.2288897
p1,5,sample,52.574425,1.0,5.688584
p1,6,sample,55.681126,1.0,5.772971
p1,7,sample,28.39346,1.0,4.775759
p1,8,sample,57.521618,1.0,5.8207307
